"","species","longitude","latitude","publication","source","country","year"
"1","Bd",18.635,-33.983,"Weldon et al 2005","Bdmaps","South Africa","1943"
"2","Bd",11.9835,2.934,"Blackburn Lab, Vredenburg Lab","Sonia","Cameroon","1960"
"3","Bd",22.5041,-24.6459,"Weldon et al 2005","Bdmaps","Botswana","1965"
"4","Bd",25.34258,-24.97779,"Weldon et al 2005","Bdmaps","Botswana","1969"
"5","Bd",18.0682,-30.04699,"Weldon et al 2005","Bdmaps","South Africa","1972"
"6","Bd",29.1308,-28.2761,"Weldon et al 2005","Bdmaps","South Africa","1972"
"7","Bd",32.8522,-26.9415,"Weldon et al 2005","Bdmaps","South Africa","1973"
"8","Bd",26.3988,-31.2857,"Weldon et al 2005","Bdmaps","South Africa","1974"
"9","Bd",20.0336,-33.3375,"Weldon et al 2005","Bdmaps","South Africa","1974"
"10","Bd",18.5139,-34.0665,"Weldon et al 2005","Bdmaps","South Africa","1976"
"11","Bd",34.77305556,0.277777778,"Blackburn Lab, Vredenburg Lab","Sonia","Kenya","1976"
"12","Bd",34.80611111,0.340277778,"Blackburn Lab, Vredenburg Lab","Sonia","Kenya","1976"
"13","Bd",36.65,-0.716666667,"Blackburn Lab, Vredenburg Lab","Sonia","Kenya","1979"
"14","Bd",34.84166667,0.233333333,"Blackburn Lab, Vredenburg Lab","Sonia","Kenya","1979"
"15","Bd",22.2033,-33.5937,"Weldon et al 2005","Bdmaps","South Africa","1981"
"16","Bd",38.33333333,-3.383333333,"Blackburn Lab, Vredenburg Lab","Sonia","Kenya","1981"
"17","Bd",36.63333333,-0.483333333,"Blackburn Lab, Vredenburg Lab","Sonia","Kenya","1981"
"18","Bd",36.81666667,-1.283333333,"Blackburn Lab, Vredenburg Lab","Sonia","Kenya","1981"
"19","Bd",18.5534,-34.0151,"Weldon et al 2005","Bdmaps","South Africa","1982"
"20","Bd",32.6933,-27.4277,"Weldon et al 2005","Bdmaps","South Africa","1985"
"21","Bd",39.73333333,6.666666667,"Blackburn Lab, Vredenburg Lab","Sonia","Ethiopia","1986"
"22","Bd",26.0831,-28.7832,"Weldon et al 2005","Bdmaps","South Africa","1987"
"23","Bd",29.61572222,-0.99275,"Blackburn Lab, Vredenburg Lab","Sonia","Uganda","1990"
"24","Bd",29.63430556,-0.986916667,"Blackburn Lab, Vredenburg Lab","Sonia","Uganda","1990"
"25","Bd",29.61716667,-1.000666667,"Blackburn Lab, Vredenburg Lab","Sonia","Uganda","1990"
"26","Bd",29.7,-0.9,"Blackburn Lab, Vredenburg Lab","Sonia","Uganda","1990"
"27","Bd",29.62069444,-1.00975,"Blackburn Lab, Vredenburg Lab","Sonia","Uganda","1990"
"28","Bd",25.0045,-29.4057,"Weldon et al 2005","Bdmaps","South Africa","1991"
"29","Bd",26.4633,-29.1434,"Weldon et al 2005","Bdmaps","South Africa","1991"
"30","Bd",31.6989,-25.9954,"Weldon et al 2005","Bdmaps","Swaziland","1991"
"31","Bd",30.35,0.566666667,"Blackburn Lab, Vredenburg Lab","Sonia","Uganda","1994"
"32","Bd",30.0009,-29.2255,"Weldon et al 2005","Bdmaps","South Africa","1995"
"33","Bd",17.9905,-30.5599,"Weldon et al 2005","Bdmaps","South Africa","1996"
"34","Bd",27.2827,-29.3167,"Weldon et al 2005","Bdmaps","South Africa","1996"
"35","Bd",17.0554,-29.6758,"Weldon et al 2005","Bdmaps","South Africa","1996"
"36","Bd",29.72741667,-0.8905,"Blackburn Lab, Vredenburg Lab","Sonia","Uganda","1996"
"37","Bd",29.68908333,-0.976666667,"Blackburn Lab, Vredenburg Lab","Sonia","Uganda","1996"
"38","Bd",29.61572222,-0.99275,"Blackburn Lab, Vredenburg Lab","Sonia","Uganda","1996"
"39","Bd",29.695,-0.978333333,"Blackburn Lab, Vredenburg Lab","Sonia","Uganda","1996"
"40","Bd",29.62069444,-1.00975,"Blackburn Lab, Vredenburg Lab","Sonia","Uganda","1996"
"41","Bd",30.35,0.566666667,"Blackburn Lab, Vredenburg Lab","Sonia","Uganda","1997"
"42","Bd",19.134,-33.0925,"Weldon et al 2005","Bdmaps","South Africa","1998"
"43","Bd",24.7205,-28.3299,"Weldon et al 2005","Bdmaps","South Africa","1998"
"44","Bd",31.8842,-27.3055,"Weldon et al 2005","Bdmaps","Swaziland","1998"
"45","Bd",8.671,3.325,"Hydeman et al 2017","Lit Review","Equatorial Guinea","1998"
"46","Bd",8.552,3.461,"Hydeman et al 2017","Lit Review","Equatorial Guinea","1998"
"47","Bd",8.662,3.361,"Hydeman et al 2017","Lit Review","Equatorial Guinea","1998"
"48","Bd",8.803,3.628,"Hydeman et al 2017","Lit Review","Equatorial Guinea","1998"
"49","Bd",8.871,3.696,"Hydeman et al 2017","Lit Review","Equatorial Guinea","1998"
"50","Bd",8.493,3.468,"Hydeman et al 2017","Lit Review","Equatorial Guinea","1998"
"51","Bd",8.667,3.711,"Hydeman et al 2017","Lit Review","Equatorial Guinea","1998"
"52","Bd",8.622,3.355,"Hydeman et al 2017","Lit Review","Equatorial Guinea","1998"
"53","Bd",8.67,3.332,"Hydeman et al 2017","Lit Review","Equatorial Guinea","1998"
"54","Bd",8.667,3.331,"Hydeman et al 2017","Lit Review","Equatorial Guinea","1998"
"55","Bd",8.665,3.367,"Hydeman et al 2017","Lit Review","Equatorial Guinea","1998"
"56","Bd",8.582,3.483,"Hydeman et al 2017","Lit Review","Equatorial Guinea","1998"
"57","Bd",8.586,3.52,"Hydeman et al 2017","Lit Review","Equatorial Guinea","1998"
"58","Bd",8.579,3.528,"Hydeman et al 2017","Lit Review","Equatorial Guinea","1998"
"59","Bd",36.7965,-1.2761,"Berger and Speare 2000","Bdmaps","Kenya","2000"
"60","Bd",27.6137,-29.88,"Weldon et al 2005","Bdmaps","Lesotho","2000"
"61","Bd",28.7724,-29.4927,"Weldon et al 2005","Bdmaps","Lesotho","2000"
"62","Bd",29.3778,-29.4259,"Weldon et al 2005","Bdmaps","Lesotho","2000"
"63","Bd",29.2834,-29.5759,"Weldon et al 2005","Bdmaps","Lesotho","2000"
"64","Bd",18.8598,-33.9306,"Weldon et al 2005","Bdmaps","South Africa","2001"
"65","Bd",18.8675,-33.8032,"Weldon et al 2005","Bdmaps","South Africa","2001"
"66","Bd",7.416,1.652,"Hydeman et al 2017","Lit Review","Sao Tome and Principe","2001"
"67","Bd",7.398,1.644,"Hydeman et al 2017","Lit Review","Sao Tome and Principe","2001"
"68","Bd",7.38,1.589,"Hydeman et al 2017","Lit Review","Sao Tome and Principe","2001"
"69","Bd",7.413,1.669,"Hydeman et al 2017","Lit Review","Sao Tome and Principe","2001"
"70","Bd",7.396,1.639,"Hydeman et al 2017","Lit Review","Sao Tome and Principe","2001"
"71","Bd",6.73,0.298,"Hydeman et al 2017","Lit Review","Sao Tome and Principe","2001"
"72","Bd",6.732,0.3,"Hydeman et al 2017","Lit Review","Sao Tome and Principe","2001"
"73","Bd",6.591,0.282,"Hydeman et al 2017","Lit Review","Sao Tome and Principe","2001"
"74","Bd",6.603,0.288,"Hydeman et al 2017","Lit Review","Sao Tome and Principe","2001"
"75","Bd",6.738,0.319,"Hydeman et al 2017","Lit Review","Sao Tome and Principe","2001"
"76","Bd",6.552,0.302,"Hydeman et al 2017","Lit Review","Sao Tome and Principe","2001"
"77","Bd",6.729,0.333,"Hydeman et al 2017","Lit Review","Sao Tome and Principe","2001"
"78","Bd",6.651,0.261,"Hydeman et al 2017","Lit Review","Sao Tome and Principe","2001"
"79","Bd",6.653,0.275,"Hydeman et al 2017","Lit Review","Sao Tome and Principe","2001"
"80","Bd",18.8229,-34.0999,"Weldon et al 2005","Bdmaps","South Africa","2002"
"81","Bd",19.0059,-33.6377,"Weldon et al 2005","Bdmaps","South Africa","2002"
"82","Bd",19.2137,-34.2285,"Weldon et al 2005","Bdmaps","South Africa","2002"
"83","Bd",18.00694,-29.64028,"Hopkins and Channing 2003","Bdmaps","South Africa","2002"
"84","Bd",18.03417,-29.62917,"Hopkins and Channing 2003","Bdmaps","South Africa","2002"
"85","Bd",19.06147,-32.37428,"Hopkins and Channing 2003","Bdmaps","South Africa","2002"
"86","Bd",22.24083,-33.41978,"Hopkins and Channing 2003","Bdmaps","South Africa","2002"
"87","Bd",19.07964,-33.05392,"Hopkins and Channing 2003","Bdmaps","South Africa","2002"
"88","Bd",19.05664,-32.99856,"Hopkins and Channing 2003","Bdmaps","South Africa","2002"
"89","Bd",19.02472,-32.33747,"Hopkins and Channing 2003","Bdmaps","South Africa","2002"
"90","Bd",18.86667,-33.93333,"Hopkins and Channing 2003","Bdmaps","South Africa","2002"
"91","Bd",20.45919,-34.00992,"Hopkins and Channing 2003","Bdmaps","South Africa","2002"
"92","Bd",18.4345,-33.94792,"Hopkins and Channing 2003","Bdmaps","South Africa","2002"
"93","Bd",18.43331,-33.94825,"Hopkins and Channing 2003","Bdmaps","South Africa","2002"
"94","Bd",20.70461,-33.96522,"Hopkins and Channing 2003","Bdmaps","South Africa","2002"
"95","Bd",35.85,-8.58333,"Weldon and du Preez 2004","Bdmaps","Tanzania","2003"
"96","Bd",35.87222,-8.61583,"Weldon and du Preez 2004","Bdmaps","Tanzania","2003"
"97","Bd",35.94239,-8.49622,"Moyer and Weldon 2006","Bdmaps","Tanzania","2004"
"98","Bd",36.00167,-8.17033,"Moyer and Weldon 2006","Bdmaps","Tanzania","2004"
"99","Bd",35.86499,-8.515,"Moyer and Weldon 2006","Bdmaps","Tanzania","2004"
"100","Bd",35.46105,-8.5196,"Moyer and Weldon 2006","Bdmaps","Tanzania","2004"
"101","Bd",35.77889,-7.81916,"Moyer and Weldon 2006","Bdmaps","Tanzania","2004"
"102","Bd",36.91461,-7.76858,"Moyer and Weldon 2006","Bdmaps","Tanzania","2004"
"103","Bd",36.42499,-7.76667,"Moyer and Weldon 2006","Bdmaps","Tanzania","2004"
"104","Bd",35.86083,-8.50767,"Moyer and Weldon 2006","Bdmaps","Tanzania","2004"
"105","Bd",36.39166,-7.82499,"Moyer and Weldon 2006","Bdmaps","Tanzania","2004"
"106","Bd",28.4842,-29.3281,"Weldon et al 2005","Bdmaps","Lesotho","2004"
"107","Bd",26.7168,-33.6535,"Weldon et al 2005","Bdmaps","South Africa","2004"
"108","Bd",28.2302,-28.5943,"Weldon et al 2005","Bdmaps","South Africa","2004"
"109","Bd",25.5921,-33.9325,"Weldon et al 2005","Bdmaps","South Africa","2004"
"110","Bd",17.9308,-30.2046,"Weldon et al 2005","Bdmaps","South Africa","2004"
"111","Bd",17.7496,-30.2046,"Weldon et al 2005","Bdmaps","South Africa","2004"
"112","Bd",17.8861,-29.6633,"Weldon et al 2005","Bdmaps","South Africa","2004"
"113","Bd",25.59,-33.96,"Weldon et al 2005","Bdmaps","South Africa","2004"
"114","Bd",29.4755,-23.6311,"Weldon et al 2005","Bdmaps","South Africa","2004"
"115","Bd",30.02381,-23.81647,"","Bdmaps","South Africa","2005"
"116","Bd",28.825,-28.8,"Smith et al. 2007","Bdmaps","South Africa","2006"
"117","Bd",29.66033,-29.38133,"","Bdmaps","South Africa","2006"
"118","Bd",29.619611,-28.752194,"","Bdmaps","South Africa","2006"
"119","Bd",31.6216,-27.37306,"","Bdmaps","South Africa","2006"
"120","Bd",31.62235,-27.39111,"","Bdmaps","South Africa","2006"
"121","Bd",32.64958,-27.52876,"","Bdmaps","South Africa","2006"
"122","Bd",-5.386177376,35.5358516,"J Bosch, unpub.","Bdmaps","Morocco","2006"
"123","Bd",36.799,-1.3316,"Kielgast et al. 2009","Lit Review","Kenya","2006"
"124","Bd",36.7238,-0.4114,"Kielgast et al. 2009","Lit Review","Kenya","2006"
"125","Bd",36.8424,-0.3684,"Kielgast et al. 2009","Lit Review","Kenya","2006"
"126","Bd",34.8653,0.3528,"Kielgast et al. 2009","Lit Review","Kenya","2006"
"127","Bd",34.7695,1.0339,"Kielgast et al. 2009","Lit Review","Kenya","2006"
"128","Bd",35.1247,1.1063,"Kielgast et al. 2009","Lit Review","Kenya","2006"
"129","Bd",39.4191,-4.1805,"Kielgast et al. 2009","Lit Review","Kenya","2006"
"130","Bd",38.3816,-3.505,"Kielgast et al. 2009","Lit Review","Kenya","2006"
"131","Bd",38.3644,-3.4055,"Kielgast et al. 2009","Lit Review","Kenya","2006"
"132","Bd",36.3715,0.0431,"Kielgast et al. 2009","Lit Review","Kenya","2006"
"133","Bd",36.6789,-1.1373,"Kielgast et al. 2009","Lit Review","Kenya","2006"
"134","Bd",-5.386177376,35.535881,"El Mouden et al 2011","Lit Review","Morocco","2006"
"135","Bd",7.385,1.622,"Hydeman et al 2017","Lit Review","Sao Tome and Principe","2006"
"136","Bd",7.381,1.588,"Hydeman et al 2017","Lit Review","Sao Tome and Principe","2006"
"137","Bd",7.417,1.628,"Hydeman et al 2017","Lit Review","Sao Tome and Principe","2006"
"138","Bd",7.384,1.58,"Hydeman et al 2017","Lit Review","Sao Tome and Principe","2006"
"139","Bd",6.606,0.276,"Hydeman et al 2017","Lit Review","Sao Tome and Principe","2006"
"140","Bd",6.645,0.254,"Hydeman et al 2017","Lit Review","Sao Tome and Principe","2006"
"141","Bd",6.65,0.276,"Hydeman et al 2017","Lit Review","Sao Tome and Principe","2006"
"142","Bd",6.466,0.247,"Hydeman et al 2017","Lit Review","Sao Tome and Principe","2006"
"143","Bd",28.755194,-2.312806,"Greenbaum et al. 2008","Bdmaps","Democratic Republic of the Congo","2007"
"144","Bd",28.4495,-1.887306,"Greenbaum et al. 2008","Bdmaps","Democratic Republic of the Congo","2007"
"145","Bd",29.57434,-27.68044,"","Bdmaps","South Africa","2007"
"146","Bd",24.773549,-27.938957,"","Bdmaps","South Africa","2007"
"147","Bd",31.07805,-25.10707,"","Bdmaps","South Africa","2007"
"148","Bd",-6.046155582,35.04387071,"J Bosch, unpub.","Bdmaps","Morocco","2007"
"149","Bd",38.3816,-3.505,"Kielgast et al. 2009","Lit Review","Kenya","2007"
"150","Bd",-6.02924801,35.038039,"J Bosch, unpub.","Bdmaps","Morocco","2009"
"151","Bd",10.27583,0.44959,"Bell et al. 2011","Bdmaps","Gabon","2009"
"152","Bd",10.40275,0.62325,"Bell et al. 2011","Bdmaps","Gabon","2009"
"153","Bd",11.585,7.329972,"Reeder et al. 2011","Lit Review","Nigeria","2009"
"154","Bd",-6.02924801,35.038109,"El Mouden et al 2011","Lit Review","Morocco","2009"
"155","Bd",28.2408,-29.6022,"Mark-Oliver Roedel, unpub.","Bdmaps","Lesotho","2010"
"156","Bd",15.655,2.138333,"Balaz et. al 2012","Lit Review","Cameroon","2010"
"157","Bd",12.803,0.511,"Hydeman et al 2017","Lit Review","Gabon","2010"
"158","Bd",12.802,0.5,"Hydeman et al 2017","Lit Review","Gabon","2010"
"159","Bd",12.796,0.506,"Hydeman et al 2017","Lit Review","Gabon","2010"
"160","Bd",12.566,0.294,"Hydeman et al 2017","Lit Review","Gabon","2010"
"161","Bd",12.573,0.29,"Hydeman et al 2017","Lit Review","Gabon","2010"
"162","Bd",9.356,-1.814,"Hydeman et al 2017","Lit Review","Gabon","2010"
"163","Bd",9.568,-1.892,"Hydeman et al 2017","Lit Review","Gabon","2010"
"164","Bd",9.579,-1.891,"Hydeman et al 2017","Lit Review","Gabon","2010"
"165","Bd",29.62839983,-3.941079833,"Blackburn Lab, Vredenburg Lab","Sonia","Burundi","2011"
"166","Bd",29.61846,-3.93189,"Blackburn Lab, Vredenburg Lab","Sonia","Burundi","2011"
"167","Bd",29.6189,-3.9344,"Blackburn Lab, Vredenburg Lab","Sonia","Burundi","2011"
"168","Bd",29.72483,-3.29342,"Blackburn Lab, Vredenburg Lab","Sonia","Burundi","2011"
"169","Bd",29.61682,-3.928609833,"Blackburn Lab, Vredenburg Lab","Sonia","Burundi","2011"
"170","Bd",29.61845983,-3.93189,"Blackburn Lab, Vredenburg Lab","Sonia","Burundi","2011"
"171","Bd",29.66083,-3.93548,"Blackburn Lab, Vredenburg Lab","Sonia","Burundi","2011"
"172","Bd",29.6147,-3.9534,"Blackburn Lab, Vredenburg Lab","Sonia","Burundi","2011"
"173","Bd",29.48445,-3.06974,"Blackburn Lab, Vredenburg Lab","Sonia","Burundi","2011"
"174","Bd",29.4743,-4.01368,"Blackburn Lab, Vredenburg Lab","Sonia","Burundi","2011"
"175","Bd",29.62831983,-3.948269833,"Blackburn Lab, Vredenburg Lab","Sonia","Burundi","2011"
"176","Bd",29.61805,-3.932551389,"Blackburn Lab, Vredenburg Lab","Sonia","Burundi","2011"
"177","Bd",30.14681,-4.0108,"Blackburn Lab, Vredenburg Lab","Sonia","Burundi","2011"
"178","Bd",29.60686,-3.944459833,"Blackburn Lab, Vredenburg Lab","Sonia","Burundi","2011"
"179","Bd",29.60686,-3.94446,"Blackburn Lab, Vredenburg Lab","Sonia","Burundi","2011"
"180","Bd",29.62828,-3.94328,"Blackburn Lab, Vredenburg Lab","Sonia","Burundi","2011"
"181","Bd",29.62832,-3.94106,"Blackburn Lab, Vredenburg Lab","Sonia","Burundi","2011"
"182","Bd",29.62850983,-3.943229833,"Blackburn Lab, Vredenburg Lab","Sonia","Burundi","2011"
"183","Bd",29.27305,-3.349639833,"Blackburn Lab, Vredenburg Lab","Sonia","Burundi","2011"
"184","Bd",29.61908,-3.933079833,"Blackburn Lab, Vredenburg Lab","Sonia","Burundi","2011"
"185","Bd",29.62832,-3.94196,"Blackburn Lab, Vredenburg Lab","Sonia","Burundi","2011"
"186","Bd",29.4828,-3.06884,"Blackburn Lab, Vredenburg Lab","Sonia","Burundi","2011"
"187","Bd",29.27310983,-3.343039833,"Blackburn Lab, Vredenburg Lab","Sonia","Burundi","2011"
"188","Bd",29.62736983,-3.946779833,"Blackburn Lab, Vredenburg Lab","Sonia","Burundi","2011"
"189","Bd",29.6078,-3.97285,"Blackburn Lab, Vredenburg Lab","Sonia","Burundi","2011"
"190","Bd",29.47471,-4.0138,"Blackburn Lab, Vredenburg Lab","Sonia","Burundi","2011"
"191","Bd",29.61908,-3.94827,"Blackburn Lab, Vredenburg Lab","Sonia","Burundi","2011"
"192","Bd",29.62687983,-3.947859833,"Blackburn Lab, Vredenburg Lab","Sonia","Burundi","2011"
"193","Bd",12.20451667,4.604166667,"Blackburn Lab, Vredenburg Lab","Sonia","Cameroon","2011"
"194","Bd",10.04236667,6.965033333,"Blackburn Lab, Vredenburg Lab","Sonia","Cameroon","2011"
"195","Bd",10.05108333,6.23065,"Blackburn Lab, Vredenburg Lab","Sonia","Cameroon","2011"
"196","Bd",12.22541667,4.61155,"Blackburn Lab, Vredenburg Lab","Sonia","Cameroon","2011"
"197","Bd",10.27026667,6.01425,"Blackburn Lab, Vredenburg Lab","Sonia","Cameroon","2011"
"198","Bd",11.49563333,3.85955,"Blackburn Lab, Vredenburg Lab","Sonia","Cameroon","2011"
"199","Bd",10.75998333,6.548616667,"Blackburn Lab, Vredenburg Lab","Sonia","Cameroon","2011"
"200","Bd",10.0397,5.967716667,"Blackburn Lab, Vredenburg Lab","Sonia","Cameroon","2011"
"201","Bd",10.15853333,5.855733333,"Blackburn Lab, Vredenburg Lab","Sonia","Cameroon","2011"
"202","Bd",10.61586667,5.108883333,"Blackburn Lab, Vredenburg Lab","Sonia","Cameroon","2011"
"203","Bd",10.03513333,6.33595,"Blackburn Lab, Vredenburg Lab","Sonia","Cameroon","2011"
"204","Bd",10.45953333,6.202,"Blackburn Lab, Vredenburg Lab","Sonia","Cameroon","2011"
"205","Bd",10.16126667,5.909016667,"Blackburn Lab, Vredenburg Lab","Sonia","Cameroon","2011"
"206","Bd",10.70485,5.5519,"Blackburn Lab, Vredenburg Lab","Sonia","Cameroon","2011"
"207","Bd",12.20635,4.609116667,"Blackburn Lab, Vredenburg Lab","Sonia","Cameroon","2011"
"208","Bd",29.09521,-4.10701,"Blackburn Lab, Vredenburg Lab","Sonia","Democratic Republic of the Congo","2011"
"209","Bd",28.93287,-4.37381,"Blackburn Lab, Vredenburg Lab","Sonia","Democratic Republic of the Congo","2011"
"210","Bd",37.2511,-3.1808,"Zancolli et al 2013","Lit Review","Tanzania","2011"
"211","Bd",37.5175,-3.2018,"Zancolli et al 2013","Lit Review","Tanzania","2011"
"212","Bd",37.2657,-3.094,"Zancolli et al 2013","Lit Review","Tanzania","2011"
"213","Bd",37.2667,-3.0967,"Zancolli et al 2013","Lit Review","Tanzania","2011"
"214","Bd",12.298,-0.226,"Hydeman et al 2017","Lit Review","Gabon","2011"
"215","Bd",12.291,-0.039,"Hydeman et al 2017","Lit Review","Gabon","2011"
"216","Bd",12.185,-0.189,"Hydeman et al 2017","Lit Review","Gabon","2011"
"217","Bd",6.549,0.316,"Hydeman et al 2017","Lit Review","Sao Tome and Principe","2011"
"218","Bd",6.61875,0.30585,"Hydeman푘t al. 2013","Lit Review","Sao Tome and Principe","2012"
"219","Bd",6.6173,0.30818,"Hydeman푘t al. 2013","Lit Review","Sao Tome and Principe","2012"
"220","Bd",6.61307,0.28821,"Hydeman푘t al. 2013","Lit Review","Sao Tome and Principe","2012"
"221","Bd",6.62404,0.28848,"Hydeman푘t al. 2013","Lit Review","Sao Tome and Principe","2012"
"222","Bd",6.63805,0.29613,"Hydeman푘t al. 2013","Lit Review","Sao Tome and Principe","2012"
"223","Bd",6.59808,0.28145,"Hydeman푘t al. 2013","Lit Review","Sao Tome and Principe","2012"
"224","Bd",6.73228,0.30234,"Hydeman푘t al. 2013","Lit Review","Sao Tome and Principe","2012"
"225","Bd",6.57027,0.28638,"Hydeman푘t al. 2013","Lit Review","Sao Tome and Principe","2012"
"226","Bd",6.60412,0.27568,"Hydeman푘t al. 2013","Lit Review","Sao Tome and Principe","2012"
"227","Bd",6.63,0.254,"Hydeman et al 2017","Lit Review","Sao Tome and Principe","2012"
"228","Bd",9.771829833,4.84975,"Blackburn Lab, Vredenburg Lab","Sonia","Cameroon","2013"
"229","Bd",9.695629833,4.947809833,"Blackburn Lab, Vredenburg Lab","Sonia","Cameroon","2013"
"230","Bd",9.6751,4.96335,"Blackburn Lab, Vredenburg Lab","Sonia","Cameroon","2013"
"231","Bd",9.066349833,4.32228,"Blackburn Lab, Vredenburg Lab","Sonia","Cameroon","2013"
"232","Bd",9.668599833,4.9606,"Blackburn Lab, Vredenburg Lab","Sonia","Cameroon","2013"
"233","Bd",9.866088889,4.9538,"Blackburn Lab, Vredenburg Lab","Sonia","Cameroon","2013"
"234","Bd",14.0234,2.6106,"Blackburn Lab, Vredenburg Lab","Sonia","Cameroon","2013"
"235","Bd",11.97633,2.93994,"Blackburn Lab, Vredenburg Lab","Sonia","Cameroon","2013"
"236","Bd",14.03115,2.6445,"Blackburn Lab, Vredenburg Lab","Sonia","Cameroon","2013"
"237","Bd",13.90334,2.90072,"Blackburn Lab, Vredenburg Lab","Sonia","Cameroon","2013"
"238","Bd",9.082688889,4.322938889,"Blackburn Lab, Vredenburg Lab","Sonia","Cameroon","2013"
"239","Bd",13.0492,2.90096,"Blackburn Lab, Vredenburg Lab","Sonia","Cameroon","2013"
"240","Bd",14.02446,2.62278,"Blackburn Lab, Vredenburg Lab","Sonia","Cameroon","2013"
"241","Bd",9.865061111,4.959438889,"Blackburn Lab, Vredenburg Lab","Sonia","Cameroon","2013"
"242","Bd",9.06609,4.32676,"Blackburn Lab, Vredenburg Lab","Sonia","Cameroon","2013"
"243","Bd",10.48567,5.21687,"Blackburn Lab, Vredenburg Lab","Sonia","Cameroon","2013"
"244","Bd",14.02324,2.63101,"Blackburn Lab, Vredenburg Lab","Sonia","Cameroon","2013"
"245","Bd",13.9041,2.90057,"Blackburn Lab, Vredenburg Lab","Sonia","Cameroon","2013"
"246","Bd",9.86721,4.954929833,"Blackburn Lab, Vredenburg Lab","Sonia","Cameroon","2013"
"247","Bd",14.03517,2.64472,"Blackburn Lab, Vredenburg Lab","Sonia","Cameroon","2013"
"248","Bd",10.15853,5.85573,"Blackburn Lab, Vredenburg Lab","Sonia","Cameroon","2013"
"249","Bd",9.778269444,4.833905556,"Blackburn Lab, Vredenburg Lab","Sonia","Cameroon","2013"
"250","Bd",10.12686,5.66016,"Blackburn Lab, Vredenburg Lab","Sonia","Cameroon","2013"
"251","Bd",9.866088889,4.959438889,"Blackburn Lab, Vredenburg Lab","Sonia","Cameroon","2013"
"252","Bd",16.47182,-2.58555,"Blackburn Lab, Vredenburg Lab","Sonia","Democratic Republic of the Congo","2013"
"253","Bd",13.60987,-2.30807,"Jongsma et al. 2016","Lit Review","Congo","2015"
"254","Bd",10.21742,-0.64195,"Jongsma et al. 2016","Lit Review","Gabon","2015"
"255","Bd",10.21873,-0.64073,"Jongsma et al. 2016","Lit Review","Gabon","2015"
"256","Bd",10.7821,-0.1772,"Jongsma et al. 2016","Lit Review","Gabon","2015"
"257","Bd",13.58235,-2.23806,"Jongsma et al. 2016","Lit Review","Gabon","2015"
"258","Bd",13.58264,-2.23971,"Jongsma et al. 2016","Lit Review","Gabon","2015"
"259","Bd",11.1664,-0.0554,"Jongsma et al. 2016","Lit Review","Gabon","2015"
"260","Bd",10.77682,-0.18292,"Jongsma et al. 2016","Lit Review","Gabon","2015"
"261","Bd",11.15926,-0.05954,"Jongsma et al. 2016","Lit Review","Gabon","2015"
"262","Bd",13.63946,-2.1691,"Jongsma et al. 2016","Lit Review","Gabon","2015"
"263","Bd",13.59902,-2.30807,"Jongsma et al. 2016","Lit Review","Congo","2015"
"264","Bd",10.21318,-0.63971,"Jongsma et al. 2016","Lit Review","Gabon","2015"
"265","Bd",10.22071,-0.64375,"Jongsma et al. 2016","Lit Review","Gabon","2015"
"266","Bd",11.16428,-0.04916,"Jongsma et al. 2016","Lit Review","Gabon","2015"
"267","Bd",10.21818,-0.64305,"Jongsma et al. 2016","Lit Review","Gabon","2015"
"268","Bd",10.77828,-0.18093,"Jongsma et al. 2016","Lit Review","Gabon","2015"
"269","Bd",13.58085,-2.23767,"Jongsma et al. 2016","Lit Review","Gabon","2015"
"270","Bd",12.81241,-0.80493,"Jongsma et al. 2016","Lit Review","Gabon","2015"
"271","Bd",12.67244,-0.86831,"Jongsma et al. 2016","Lit Review","Gabon","2015"
"272","Bd",11.16493,-0.05205,"Jongsma et al. 2016","Lit Review","Gabon","2015"
"273","Bd",13.58746,-2.2419,"Jongsma et al. 2016","Lit Review","Gabon","2015"
"274","Bd",13.63431,-2.157664,"Jongsma et al. 2016","Lit Review","Gabon","2015"
"275","Bd",13.6414,-2.15461,"Jongsma et al. 2016","Lit Review","Gabon","2015"
"276","Bd",13.60987,-2.31967,"Jongsma et al. 2016","Lit Review","Congo","2015"
"277","Bd",13.63506,-2.12448,"Jongsma et al. 2016","Lit Review","Gabon","2015"
"278","Bd",10.77727,-0.18482,"Jongsma et al. 2016","Lit Review","Gabon","2015"
"279","Bd",10.78135,-0.17502,"Jongsma et al. 2016","Lit Review","Gabon","2015"
"280","Bd",11.1587,-0.06216,"Jongsma et al. 2016","Lit Review","Gabon","2015"
"281","Bd",10.78291,-0.16839,"Jongsma et al. 2016","Lit Review","Gabon","2015"
"282","Bd",10.77973,-0.1766,"Jongsma et al. 2016","Lit Review","Gabon","2015"
"283","Bd",5.259689,6.267423,"Imasuen et al. 2011","Lit Review","Nigeria","2007-2008"
"284","Bd",10.458508,6.202236,"Hirschfeld et al. 2016","Lit Review","Cameroon","2008"
"285","Bd",10.459749,6.203955,"Hirschfeld et al. 2016","Lit Review","Cameroon","2008"
"286","Bd",10.393912,6.212161,"Hirschfeld et al. 2016","Lit Review","Cameroon","2008"
"287","Bd",10.459732,6.209349,"Hirschfeld et al. 2016","Lit Review","Cameroon","2008"
"288","Bd",10.460485,6.201228,"Hirschfeld et al. 2016","Lit Review","Cameroon","2008"
"289","Bd",10.506697,6.245663,"Hirschfeld et al. 2016","Lit Review","Cameroon","2008"
"290","Bd",10.459617,6.212717,"Hirschfeld et al. 2016","Lit Review","Cameroon","2008"
"291","Bd",9.808333333,5.040611111,"Hirschfeld et al. 2016","Lit Review","Cameroon","2011"
"292","Bd",9.810694444,5.030694444,"Hirschfeld et al. 2016","Lit Review","Cameroon","2011"
"293","Bd",9.871166667,4.959444444,"Hirschfeld et al. 2016","Lit Review","Cameroon","2011"
"294","Bd",9.869027778,4.955722222,"Hirschfeld et al. 2016","Lit Review","Cameroon","2011"
"295","Bd",9.879388889,4.947305556,"Hirschfeld et al. 2016","Lit Review","Cameroon","2011"
"296","Bd",9.865611111,5.067638889,"Hirschfeld et al. 2016","Lit Review","Cameroon","2011"
"297","Bd",9.85525,5.040638889,"Hirschfeld et al. 2016","Lit Review","Cameroon","2011"
"298","Bd",9.768277778,5.012916667,"Hirschfeld et al. 2016","Lit Review","Cameroon","2011"
"299","Bd",9.77525,5.00875,"Hirschfeld et al. 2016","Lit Review","Cameroon","2011"
"300","Bd",9.864472222,4.859333333,"Hirschfeld et al. 2016","Lit Review","Cameroon","2011"
"301","Bd",9.764777778,5.024333333,"Hirschfeld et al. 2016","Lit Review","Cameroon","2011"
"302","Bd",9.77425,5.038166667,"Hirschfeld et al. 2016","Lit Review","Cameroon","2011"
"303","Bd",9.823416667,5.014388889,"Hirschfeld et al. 2016","Lit Review","Cameroon","2011"
